<?xml version="1.0" encoding="UTF-8"?>
<project-private xmlns="http://www.netbeans.org/ns/project-private/1">
    <editor-bookmarks xmlns="http://www.netbeans.org/ns/editor-bookmarks/2" lastBookmarkId="0"/>
    <open-files xmlns="http://www.netbeans.org/ns/projectui-open-files/2">
        <group>
            <file>file:/C:/Users/Windows%2010/Documents/NetBeansProjects/pengelolakas/src/pengelolakas/Pengelolakas.java</file>
            <file>file:/C:/Users/Windows%2010/Documents/NetBeansProjects/pengelolakas/src/pengelolakas/input.java</file>
            <file>file:/C:/Users/Windows%2010/Documents/NetBeansProjects/pengelolakas/src/pengelolakas/login.java</file>
            <file>file:/C:/Users/Windows%2010/Documents/NetBeansProjects/pengelolakas/src/pengelolakas/koneksi.java</file>
        </group>
    </open-files>
</project-private>
